title,author_text,remote_id,openlibrary_key,inventaire_id,librarything_key,goodreads_key,bnf_id,viaf,wikidata,asin,aasin,isfdb,isbn_10,isbn_13,oclc_number,start_date,finish_date,stopped_date,rating,review_name,review_cw,review_content,review_published,shelf,shelf_name,shelf_date
Participatory Action Research: Theory and Methods for Engaged Inquiry,Jacques M. Chevalier,https://bookwyrm.social/book/1351680,,isbn:9780415540315,,,,,,,,,415540313,9780415540315,,,,,,,,,,to-read,To Read,2023-08-18
From subjects to subjectivities : a handbook of interpretive and participatory methods,,https://bookwyrm.social/book/1351682,,isbn:9780814782590,,,,,,,,,814782590,9780814782590,,,,,,,,,,to-read,To Read,2023-08-18
"Tenements, towers & trash",Julia Wertz,https://bookwyrm.social/book/9732,OL26932661M,,,,,,,,,,316501212,9780316501217,972386128,2020-04-30,2020-04-30,,4.00,,,,,read,Read,2020-06-02
Contact,Carl Sagan,https://bookwyrm.social/book/228869,OL23258017M,isbn:9780671434007,,1191620,,,,,,,671434004,9780671434007,,,,,5.00,,,,,,,
Teaching What You Don’t Know,Therese Huston,https://bookwyrm.social/book/416774,OL26820187M,,,,,,,,,,674054024,9780674054028,,,,,,,,,,to-read,To Read,2022-05-05
El hombre en busca de sentido,Viktor E. Frankl,https://bookwyrm.social/book/32775,OL26482265M,,,,,,,,,,8425423317,9788425423314,868933175,2019-05-19,2019-05-30,,3.00,,,,,read,Read,2019-05-19
La sombra del viento,Carlos Ruiz Zafón,https://bookwyrm.social/book/122380,OL23038029M,,,,,,,,,,974872407,9780974872407,1150076482,,2006-01-01,,5.00,,,,,read,Read,2015-02-23
El Mundo de Sofía,Jostein Gaarder,https://bookwyrm.social/book/149520,OL9141953M,isbn:9788478443222,,,,,,,,,8478443223,9788478443222,,1994-01-01,1994-01-01,,4.00,,,,,read,Read,2017-04-29
After Dark,Haruki Murakami,https://bookwyrm.social/book/176147,OL9396183M,isbn:9780307265838,,17803,,,,,,,307265838,9780307265838,,,,,3.00,,,,,read,Read,2019-01-30
The wealth of networks,Yochai Benkler,https://bookwyrm.social/book/33817,OL3412222M,,,,,,,,,,300110561,9780300110562,,,2013-01-01,,3.00,,,,,read,Read,2017-05-09
El capital en la era del Antropoceno,Kohei Saito,https://bookwyrm.social/book/1133089,,,,,,,,,,,8466671668,9788466671668,,,,,,,,,,to-read,To Read,2023-09-16
Tierra de campos,David Trueba,https://bookwyrm.social/book/180258,OL26245992M,,,,,,,,,,8433998323,9788433998323,987302352,,2020-08-20,,4.00,,,,,read,Read,2020-08-22
Napalm al cor,Pol Guasch,https://bookwyrm.social/book/180260,OL32186198M,,,,,,,,,,8433915916,9788433915917,,,,,,,,,,to-read,To Read,2021-05-17
El espía que surgió del frío,John le Carré,https://bookwyrm.social/book/180264,,isbn:9788497930505,,3376886,,,,,,,8497930509,9788497930505,,,,,3.00,,,,,read,Read,2018-04-22
"Homenaje a Tolkien, 19 relatos fantasticos",Unknown,https://bookwyrm.social/book/180266,OL25896083M,,,,,,,,,,8441302766,9788441302761,,,1996-01-01,,3.00,,,,,read,Read,2021-01-06
The Firm,"John Grisham, John Grisham",https://bookwyrm.social/book/180268,OL24737117M,,,,,,,,,,044021145X,9780440211457,639900368,,,,3.00,,,,,read,Read,2021-01-05
Why Architects Matter,Flora Samuel,https://bookwyrm.social/book/180270,OL28928188M,,,,,,,,,,1138783927,9781138783928,,,,,,,,,,to-read,To Read,2019-10-08
La Ciudad de Vapor,Carlos Ruiz Zafón,https://bookwyrm.social/book/180272,OL31386319M,,,,,,,,,,8408235001,9788408235002,,2020-12-31,2020-12-31,,2.00,Descartados y descartables,,"<p>No está a la altura de las anteriores novelas. Más que un homenage al autor por parte del editor más bien parece una voluntad de estirar el chicle a partir de recopilar una serie de borradores y descartes del autor. </p>
<p>Algunas historias son excesivamente pretenciosas y manidas. Destaca muy negativamente los personaes femeninos.Los pocos que hay son secundarios y limitados exclusivamente a objetos de admiración sin apenas voluntad cuya única virtud es la belleza y están destinadas a servir a otros personajes masculinos.</p>",2021-08-24,read,Read,2020-12-31
Martes con mi viejo profesor,Mitch Albom,https://bookwyrm.social/book/180274,,isbn:9786074003703,,,,,,,,,607400370X,9786074003703,,,2001-01-01,,,,,,,read,Read,2020-08-24
Visualize this,Nathan Yau,https://bookwyrm.social/book/180276,OL25197551M,,,,,,,,,,470944889,9780470944882,670479801,,2020-05-01,,2.00,,,,,read,Read,2020-05-10
Perfume,Patrick Süskind,https://bookwyrm.social/book/14388,OL22123184M,,,,,,,,,,140120831,9780140120837,,,2007-01-01,,1.00,Review of 'Perfume (International Writers)' on 'GoodReads',,Pretencioso y tedioso. Más que un libro parece un ejercicio literario.,2007-01-01,,,
El cel no és per a tothom,Marta Rojals,https://bookwyrm.social/book/180278,OL31845121M,,,,,,,,,,8433915622,9788433915627,,2019-05-26,2020-04-10,,4.00,,,,,read,Read,2019-05-26
Lazarillo de Tormes,"Michael Alpert, Francisco de Quevedo",https://bookwyrm.social/book/180280,OL3708099M,,,,,,,,,,140449000,9780140449006,,1996-01-01,1996-01-01,,,,,,,read,Read,2017-05-10
De qué hablo cuando hablo de correr,Haruki Murakami,https://bookwyrm.social/book/180282,OL24233967M,,,,,,,,,,8483832305,9788483832301,607977364,2019-10-04,2019-10-14,,3.00,,,,,read,Read,2019-10-04
The language of cities,Deyan Sudjic,https://bookwyrm.social/book/142395,OL27228173M,,,,,,,,,,241188040,9780241188040,961813245,,,,,,,,,to-read,To Read,2017-10-08
Five at the Office Christmas Party,Bruno Vincent,https://bookwyrm.social/book/180284,OL29344246M,,,,,,,,,,1786487675,9781786487674,,2019-10-04,2019-10-08,,3.00,,,,,read,Read,2019-10-04
La ciudad de los arquitectos,Llàtzer Moix,https://bookwyrm.social/book/180286,OL924333M,,,,,,,,,,843392530X,9788433925305,,,,,4.00,,,,,read,Read,2019-03-07
El Tio Petros y La Conjetura de Glodbach,"Apostolos Doxiadis, Apostolos K. Doxiadēs",https://bookwyrm.social/book/144448,OL9131434M,isbn:9788440698773,,,,,,,,,8440698771,9788440698773,48855189,,1999-01-01,,,,,,,read,Read,2020-08-23
Los nativos digitales no existen,Susana Lluna,https://bookwyrm.social/book/180288,OL26380043M,,,,,,,,,,8423426599,9788423426591,,2018-02-06,2019-01-13,,2.00,Review of 'Los nativos digitales no existen' on 'GoodReads',,"Se trata de un libro que parte de una interesante premisa: a partir de textos corales e independientes cuestionar  la existencia de los supuestos nativos digitales para explorar la relación existente entre tecnología y... ¿niños? ¿adolescentes? ¿padres? ¿profesores? ¿profesionales? y los efectos que de ella se derivan. Sin embargo, los textos son muy irregulares y no queda claro en ningún momento a quién se dirige el libro, ya que cada autor parece tener targets diferentes. Eso, sumado a un excesivo tecno-determinismo y tecno-optimismo, hace que sea un libro del que apenas puedan aprovecharse unos pocos textos, incluso contando que algunos de ellos están escritos por los supuestos gurús, que parecen más preocupados en auto-citarse y seguir construyendo y vendiendo su relato que en escribir textos de calidad que resulten útiles al lector.",2019-01-13,read,Read,2018-02-06
El peligro de una historia única,,https://bookwyrm.social/book/180290,OL26492115M,,,,,,,,,,8439733925,9788439733928,,,,,3.00,,,,,read,Read,2018-10-15
Python Data Science Handbook,Jake VanderPlas,https://bookwyrm.social/book/180292,OL26836556M,,,,,,,,,,1491912057,9781491912058,,,,,,,,,,to-read,To Read,2018-10-12
Imposter Cure,Jessamy Hibberd,https://bookwyrm.social/book/345156,OL28711728M,,,,,,,,,,1783253061,9781783253067,,,2023-12-27,,5.00,Therapeutical reading,,"I've been aware of my Imposter syndrome for quite a long time, but this book has helped me to know more about the syndrome and about myself, too.

An excellent book (or should I say therapy?) to understand what causes the imposter syndrome (spoiler alert, it's mainly us!), how to detect the underlying mechanisms and replace them with new ones to turn a vicious circle into a virtuous one.

I'd recommend it to anyone, without doubt.",2023-12-27,read,Read,2023-12-27
Python for Data Analysis,Wes McKinney,https://bookwyrm.social/book/180294,OL26005473M,isbn:9781449319793,,,,,,,,,1449319793,9781449319793,,,,,,,,,,to-read,To Read,2018-10-12
Smith of Wootton Major,J.R.R. Tolkien,https://bookwyrm.social/book/345157,,,,,,,,,,,261102125,9780261102125,,,,,3.00,,,,,read,Read,2017-11-04
Correr es algo más,,https://bookwyrm.social/book/180296,OL26379208M,,,,,,,,,,8416449775,9788416449774,,,,,3.00,Review of 'Correr es algo más' on 'GoodReads',,"Un tanto irregular: si bien Isabel da consejos clave para entrenar con cabeza que sin duda resultarán muy útiles para que corredores aficionados que estén empezando o lleven tiempo entrenando no nos estanquemos, podamos mejorar y no nos lesionemos, creo que tiene algunos problemas: El primero es cuestión de gustos, pero tengo la sensación de que se puede decir lo mismo de forma más breve (y como dice la propia Isabel con respecto a los entrenos, cuanto menos, mejor). En este sentido creo que la voluntad de querer iniciar todos los capítulos con su experiencia vital es a veces forzada, si bien llegas a cogerle cariño y a pensar que la conoces. Otro aspecto que me ha descolocado es que tengo la sensación de que a veces se queda en terreno de nadie, ya sea porque justo cuando quieres saber más sobre algún aspecto, se termina el capítulo (esto es especialmente patente en los capítulos finales -parece que le hayan fallado las fuerzas en el último tramo y el libro vaya de más a menos-), ya sea por su voluntad de no poner tablas de ejercicios, incluso cuando a veces menciona ejercicios que no terminan de entenderse porque no están explicados en el mismo capítulo. Entiendo que quiera huir de eso para transmitir la idea de que cada persona es un mundo y es mejor tener entrenamientos personalizados. Si esa es su posición me hubiese parecido más honesto referenciar, enlazar o poner un QR a los numerosos vídeos y ejercicios que tiene en su web. Sin embargo, al final termina poniéndola al final del libro, salvo por un capítulo que sí los lleva. A eso hay que sumar la incomprensible decisión editorial de cortar las tablas de ejercicios con una sección de entrevistas ¿? . También las fotos tienen algo de eso: el libro cuenta con muchísimas fotos de Isabel haciendo ejercicio, todas ellas muy bien hechas y muy cuidadas, sin embargo, las fotos por lo general no tienen ninguna relación con el texto y parecen más de un catálogo o un photobook que de un libro de deporte.<br/>Creo que todos estos problemas vienen derivados de que se trata de una escritora primeriza en lo que a libros se refiere y que, lamentablemente, no parece haber contado con una editora que la aconsejase adecuadamente, corrigiese el estilo o las faltas de ortografía o estructurase mejor el libro. Aún con todo, el libro rezuma pasión y buenos consejos.",2018-10-12,read,Read,2018-10-12
La drecera,Miquel Martín i Serra,https://bookwyrm.social/book/345159,,,,,,,,,,,84173394511,9788417339456,,2020-09-14,2020-09-19,,4.00,,,,,read,Read,2020-09-14
Fariña : historia e indiscreciones del narcotráfico en Galicia,Nacho Carretero,https://bookwyrm.social/book/180298,OL26479185M,isbn:9788416001460,,,,,,,,,8416001464,9788416001460,,,2018-10-03,,3.00,,,,,read,Read,2018-10-02
Parque Jurásico.,Michael Crichton,https://bookwyrm.social/book/180299,OL22478260M,,,,,,,,,,8401323924,9788401323928,,1991-07-01,1991-07-01,,5.00,,,,,read,Read,2017-05-10
La viga en el ojo: escritos a tiempo,Fredy Massad,https://bookwyrm.social/book/345161,,,,,,,,,,,8494348736,9788494348730,,,2018-01-01,,4.00,,,,,read,Read,2018-04-29
Memòries d'un segle d'or,Joan Triadú,https://bookwyrm.social/book/180301,OL23693122M,,,,,,,,,,8484374211,9788484374213,291120330,,,,,,,,,to-read,To Read,2018-06-15
n+1. Tendencias compulsivas,José María Echarte,https://bookwyrm.social/book/345163,,,,,,,,,,,8494791559,9788494791550,,,,,4.00,,,,,read,Read,2018-04-29
Anatomía de la lengua,Elena Álvarez Mellado,https://bookwyrm.social/book/180303,OL25929191M,,,https://www.goodreads.com/book/show/30225999-anatom-a-de-la-lengua,,,,,,,84997421311,9788499742137,,,2018-06-02,,4.00,,,,,read,Read,2018-04-10
Reino mágico en venta--vendido,Terry Brooks,https://bookwyrm.social/book/345165,,,,,,,,,,,8470024124,9788470024122,,,1993-01-01,,5.00,,,,,read,Read,2017-05-10
Común,"Christian Laval, Pierre Dardot, Alfonso Díez",https://bookwyrm.social/book/180305,OL30517670M,,,,,,,,,,8497848802,9788497848800,,2017-05-09,2018-03-08,,4.00,,,,,read,Read,2022-03-08
How the World Works,Noam Chomsky,https://bookwyrm.social/book/345168,OL25425049M,,,,,,,,,,241145384,9780241145388,,,,,,,,,,to-read,To Read,2022-03-07
Más Platón y menos Prozac,Lou Marinoff,https://bookwyrm.social/book/180307,OL31442889M,,,,,,,,,,8440696841,9788440696847,,,,,1.00,Review of 'Más Platón y menos Prozac' on 'GoodReads',,"Pésima traducción<br/>Marinoff solo trata de vender su libro (nunca mejor dicho), justificando lo valiosos que son los consejeros filosóficos como él.",2017-11-04,read,Read,2017-11-04
Ground control,Anna Minton,https://bookwyrm.social/book/180309,OL24075677M,,,,,,,,,,141033916,9780141033914,,,,,,,,,,to-read,To Read,2017-12-29
Sinsajo,Suzanne Collins,https://bookwyrm.social/book/180311,OL25428451M,,,,,,,,,,8427202148,9788427202146,,2017-10-29,2017-11-06,,1.00,Review of 'Sinsajo' on 'GoodReads',Spoilers,"Mal sabor de boca para terminar la saga: el ritmo trepidante de los dos anteriores pasa a ser lento hasta el aburrimiento. Los personajes, anteriormente una parte vital del libro, pues conseguías empatizar con ellos a pesar de no querer cogerles cariño por saber que tenían que morir, son mucho menos interesantes que los anteriores (en gran parte debido a que hay muchos más -algunos de ellos prescindibles). Incluso personajes anteriormente interesantes como Peeta, Haimitch, Gale, Finnick, Snow... o inluso Katniss han perdido muchos matices e importancia. <br/>Por otra parte, las situaciones que describe son bastante inverosímiles y sin demasiado sentido, como las vainas extremadamente sensibles con trampas letales  situadas en una ciudad en la que transcurre la vida normal y que -incomprensiblemente- nunca se habían disparado con anterioridad. Tampoco es muy creíble la votación final en la que los tributos, con graves secuelas físicas y psicológicas después de su participación en los juegos, deciden continuar con la tradición como venganza.<br/>Pero lo peor de todo es el final: parece que todo el libro esté orientado a tratar de resolver el dilema de con quién decidirá quedarse Katniss, si Gale o Peeta. No solo es trivializar el mundo complejo y cruel que había construido en la saga, sino que consigue convertir un personaje femenino fuerte, líder, capaz de sobrevivir por su cuenta, independendiente... en una niñita que necesita una pareja para ser feliz y convertirse en madre. ¿Era realmente necesario?",2017-11-06,read,Read,2017-10-29
Fundación,Isaac Asimov,https://bookwyrm.social/book/345175,,,,,,,,,,,8498009847,9788498009842,,2017-04-29,2019-01-28,,1.00,,,,,read,Read,2017-04-29
Urban Commons,"Christian Borch, Martin Kornberger",https://bookwyrm.social/book/180313,OL28784097M,,,,,,,,,,1138017248,9781138017245,,,2015-01-01,,5.00,,,,,read,Read,2015-02-22
Eficiencia y productividad en arquitectura,"Agnieszka Stepien, Lorenzo Barnó",https://bookwyrm.social/book/345177,,,,,,,,,,,849097652X,9788490976524,,,,,3.00,,,,,read,Read,2019-05-19
The hacker ethic,"Pekka Himanen, Linus Torvalds",https://bookwyrm.social/book/180315,OL22035316M,,,,,,,,,,037575878X,9780375758782,,,,,3.00,,,,,read,Read,2017-11-05
Vitrúvio. Tratado de Arquitectura,Marco Vitrúvio Polião,https://bookwyrm.social/book/345179,,,,,,,,,,,9728469438,9789728469436,,,,,,,,,,read,Read,2018-10-14
Quién se ha llevado mi queso?,W. Spencer Johnson,https://bookwyrm.social/book/180317,OL22127801M,,,,,,,,,,8495787091,9788495787095,,,,,,,,,,read,Read,2017-11-04
El alma está en el cerebro,Eduardo Punset,https://bookwyrm.social/book/345181,,,,,,,,,,,8466312,9788466310,,,,,,,,,,read,Read,2018-07-10
Pro Drupal 7 Development,Todd Tomlinson,https://bookwyrm.social/book/180319,OL25562086M,,,,,,,,,,1430228385,9781430228387,,,,,,,,,,read,Read,2017-04-29
La vida según Sheldon,Toni de la Torre,https://bookwyrm.social/book/345183,,,,,,,,,,,8448020774,9788448020774,,,,,2.00,,,,,read,Read,2018-07-03
Planning and managing Drupal projects,Dani Nordin,https://bookwyrm.social/book/180321,OL25561362M,,,,,,,,,,1449305482,9781449305482,,,,,2.00,,,,,read,Read,2017-11-04
Dobles parelles,Montse Banegas,https://bookwyrm.social/book/345185,,,,,,,,,,,8482565826,9788482565828,,,,,,,,,,to-read,To Read,2018-06-15
Teatre: Mar i cel. Terra Baixa. La Filla del Mar,Angel Guimerà,https://bookwyrm.social/book/180323,OL21459373M,,,,,,,,,,842971538X,9788429715385,,,,,,,,,,read,Read,2017-11-04
Mapping (Critical Introductions to Geography),Jeremy Crampton,https://bookwyrm.social/book/639075,OL11650033M,,,,,,,,,,1405121734,9781405121736,,2023-02-11,,,,,,,,reading,Currently Reading,2023-02-11
Terra baixa,"Guimerá, Angel",https://bookwyrm.social/book/180325,OL4050097M,,,,,,,,,,8429804285,9788429804287,,,,,,,,,,read,Read,2017-11-04
Contra la sostenibilidad,Andreu Escrivà,https://bookwyrm.social/book/1316959,OL47275989M,,,,,,,,,,841874183X,9788418741838,,2023-08-07,2023-09-20,,4.00,"Un básico para entender qué es, qué no es, y qué debería ser la sostenibilidad",,"Un básico para entender qué es, qué no es, y qué debería ser la sostenibilidad.
En la primera (y más larga) parte del libro, Escrivà se dedica a argumentar por qué la sostenibilidad, tal y como se entiende mayormente actualmente, no es la solución (y a veces es un problema), y para ello se dedica a diseccionar y desmontar los pilares en los que se sustenta: neutralidad climática, extralimitación, superpoblación, superricos, huella de carbono, energía, transición ecológica, economía circular, coche eléctrico... e incluso finanzas sostenibles.  

En la segunda, mucho más propositiva (más, incluso que en [su anterior libro](https://bookwyrm.social/book/1266679/s/i-ara-jo-que-faig)), defiende que en lugar de sostenibilidad deberíamos usar otro concepto que tuviese otros nuevos significantes y conectase con otros valores relacionados con cuidados, bienestar, decrecimiento, democracia, comunidad... entre otros tanto o más ilusionantes e importantes.

Se trata de un libro muy recomendable al que volver de vez en cuando.",2023-12-31,read,Read,2023-09-20
Learning QGIS,Anita Graser,https://bookwyrm.social/book/180327,OL26975303M,,,,,,,,,,1784392030,9781784392031,907471100,,,,,,,,,to-read,To Read,2017-11-04
El hobbit : historia de una ida y una vuelta,"Charles Dixon, Sean Deming, J.R.R. Tolkien",https://bookwyrm.social/book/192100,OL25433562M,,,,,,,,,,8467909226,9788467909227,,,2000-01-01,,5.00,,,,,,,
"Data Analysis with R - Second Edition: A comprehensive guide to manipulating, analyzing, and visualizing data in R",Tony Fischetti,https://bookwyrm.social/book/180329,OL26833762M,,,,,,,,,,1788393724,9781788393720,,2017-11-04,,,,,,,,,,
Mapping with Drupal,Alan Palazzolo,https://bookwyrm.social/book/180331,OL25308791M,,,,,,,,,,1449308945,9781449308940,747533370,,,,3.00,,,,,read,Read,2017-11-04
Foucault En 90 Minutos,Paul Strathern,https://bookwyrm.social/book/180333,OL13234679M,,,,,,,,,,8432311030,9788432311031,,,,,,,,,,read,Read,2017-11-04
La Cattedrale e il Bazaar,Eric S. Raymond,https://bookwyrm.social/book/13934,OL7580903M,isbn:9780596001087,,134825,,,,,,,596001088,9780596001087,,,2014-01-01,,4.00,,,,,read,Read,2015-02-23
El Club Dumas (la última puerta),"Arturo Pérez-Reverte, Mario Vargas Llosa",https://bookwyrm.social/book/180335,OL18156981M,,,,,,,,,,9681904966,9789681904968,47018143,,1997-01-01,,3.00,,,,,read,Read,2017-05-09
El misterio del solitario,Jostein Gaarder,https://bookwyrm.social/book/180337,OL25637819M,,,,,,,,,,8478448845,9788478448845,,,,,4.00,,,,,read,Read,2017-04-29
El sol de Breda,Arturo Pérez-Reverte,https://bookwyrm.social/book/180339,OL24910461M,,,,,,,,,,8420483125,9788420483122,,,,,3.00,,,,,read,Read,2017-11-04
El mundo de hielo y fuego,"George R.R. Martin, García, Jr., Elio M., Linda Antonsson, Alejo Cuervo, Raquel Marqués, Irene Vidal, Natalia Caballero, Juan Pascual Martínez, Andrea Montero, Enrique Jiménez Corominas, Cristina Macía",https://bookwyrm.social/book/180341,OL25892607M,,,,,,,,,,8496208974,9788496208971,,,2013-01-01,,4.00,,,,,read,Read,2017-05-09
La vida i la mort d'en Jordi Fraginals,Josep Pous i Pagès,https://bookwyrm.social/book/180343,OL4133960M,,,,,,,,,,8429714693,9788429714692,,,,,3.00,,,,,read,Read,2017-11-03
Data Feminism,"Catherine D'Ignazio, Lauren F. Klein",https://bookwyrm.social/book/120952,OL28102903M,,,,,,,,,,2623585311,9780262358538,,,,,,,,,,to-read,To Read,2022-08-19
La crisis ninja y otros misterios de la economía actual  ,,https://bookwyrm.social/book/180345,OL26201697M,,,,,,,,,,8467030151,9788467030150,,2011-01-01,2011-03-01,,4.00,,,,,read,Read,2017-11-03
Vivir Sin Jefe El Libro Que Har Que Ames Trabajar Por Tu Cuenta Los 50 Errores Que Cometen Todos Los Emprendedores,Sergio Fernandez,https://bookwyrm.social/book/180347,OL25999757M,,,,,,,,,,8496981525,9788496981522,,,,,,,,,,read,Read,2017-11-03
¿quién ha robado la Mona Lisa?,Geronimo Stilton,https://bookwyrm.social/book/1296192,OL26492222M,,,,,,,,,,8408096079,9788408096078,,,,,3.00,,,,,,,
Mutation,Robin Cook,https://bookwyrm.social/book/180349,OL18092604M,,,,,,,,,,330309781,9780330309783,440653232,,,,3.00,,,,,read,Read,2017-11-04
Carta abierta de Woody Allen a Platón,Juan Antonio Rivera,https://bookwyrm.social/book/180351,OL22724489M,,,,,,,,,,8467020326,9788467020328,,,,,,,,,,to-read,To Read,2017-11-04
High Fidelity,Nick Hornby,https://bookwyrm.social/book/177792,OL7352536M,,,,,,,,,,140293469,9780140293463,,,2007-01-01,,4.00,,,,,read,Read,2017-05-09
Lo que Sócrates diría a Woody Allen,Juan Antonio Rivera,https://bookwyrm.social/book/180353,OL3351591M,,,,,,,,,,8467012617,9788467012613,,,,,5.00,Combo perfecto,,"<p>Una combinación perfecta y bien contada.  Juan Antonio Rivera tiene una forma de contar las películas y de reflexionar sobre ellas que, al terminar cada capítulo, no puedes sino dejar de tener ganas de ver  (o volver a ver) la película con la mirada de Sócrates.</p>",2021-10-10,read,Read,2017-11-04
Sentient city,Mark Shepard,https://bookwyrm.social/book/180355,OL24384978M,,,,,,,,,,262515865,9780262515863,664354727,,,,2.00,,,,,read,Read,2017-11-04
"Cities for people, not for profit","Neil Brenner, Peter Marcuse, Margit Mayer",https://bookwyrm.social/book/180357,,,,,,,,,,,4156017711,9780415601771,,,2017-01-01,,5.00,,,,,read,Read,2017-11-04
Qué hace una persona como tú en una crisis como esta?,Leopoldo Abadía,https://bookwyrm.social/book/180359,OL30506154M,,,,,,,,,,8467034408,9788467034400,,2011-05-01,2011-07-10,,4.00,,,,,read,Read,2017-11-03
Forjada en cobre,,https://bookwyrm.social/book/180361,OL26796380M,,,,,,,,,,8499082556,9788499082554,,,,,,,,,,read,Read,2017-11-03
Sin noticias de Gurb,Eduardo Mendoza,https://bookwyrm.social/book/180363,OL1654052M,,,,,,,,,,8432206407,9788432206405,24340335,,,,2.00,Review of 'Sin noticias de Gurb' on 'GoodReads',,"Creo que lo leí a destiempo, porque no me entusiasmó en absoluto. Posteriormente me he enterado que a casi todo el mundo le encantó, y he podido ver a gente reír mientras lo leían.",2017-10-20,read,Read,2017-10-20
La ciudad de los prodigios,Eduardo Mendoza,https://bookwyrm.social/book/180365,OL26497157M,,,,,,,,,,8422623536,9788422623533,,,,,3.00,,,,,read,Read,2017-10-20
Balzac Y LA Joven Costurera China,Dai Sijie,https://bookwyrm.social/book/180367,OL9548673M,,,,,,,,,,8478886508,9788478886500,,,2017-09-05,,4.00,,,,,read,Read,2017-09-05
El ocho.,Katherine Neville,https://bookwyrm.social/book/180369,OL22145065M,,,,,,,,,,8495501090,9788495501097,,,,,,,,,,read,Read,2017-10-20
Mirall trencat,Mercè Rodoreda,https://bookwyrm.social/book/180371,OL3222220M,,,,,,,,,,842971944X,9788429719444,,,,,,,,,,read,Read,2017-10-20
La pell freda,Albert Sánchez Piñol,https://bookwyrm.social/book/180373,OL19376292M,,,,,,,,,,8495616254,9788495616258,,,,,4.00,,,,,read,Read,2017-10-20
Utopia for Realists,"Rutger Bregman, 978-0316418539, 0316418536, 9780316418539, Elizabeth Manton",https://bookwyrm.social/book/182594,OL37763039M,,,,,,,,,,9082520303,9789082520309,,2019-04-01,2020-02-12,,4.00,"Utopia is not only possible, it has already started!",,"Rutger Bregman presents a series of stories and facts that speculate not only how a fairer, more rational and equitable the world could be, but also how could have been if at certain point history would have taken another turn. And by doing so, it questions the very essence of many of today's assumptions regarding workload, wellfare, borders, wages, poors... that neoliberal mantras makes us believe which constitute the foundations of capitalist societies. And what it is more important: it plants the seed of new different ideas that can lead to this utopia he often refers to as ""The land of plenty"" to be a reality not just for a few chosen ones, but for everyone.

Written in a very informative and colloquial language (although I felt sometimes to be structured in a weird manner with many jumps back and forth*) it is aimed to everyone, without the need of knowing much about economics or politics. I found it to be highly recommended for anyone pursuing a better world or simply that want to understand how the current world works and over which premises it is based.

* Apparently, a new edition was made after this one which slightly changes the order of some chapters and, according to the author it is the best edition so far",2022-03-07,,,
Ciudad Negra,Fernando Gamboa,https://bookwyrm.social/book/180375,OL28942039M,,,,,,,,,,8466654062,9788466654067,,2017-08-13,2017-08-26,,3.00,,,,,read,Read,2017-08-13
El despertar del Leviatán,James S. A. Corey,https://bookwyrm.social/book/141464,,isbn:9788466660150,,,,,,,,,8466660151,9788466660150,,2022-01-17,2022-03-05,,3.00,,,,,read,Read,2022-03-05
Rules for writers,Diana Hacker,https://bookwyrm.social/book/180377,OL3695801M,,,,,,,,,,312406851,9780312406851,,,,,4.00,,,,,read,Read,2017-08-28
Make_shift City,"Francesca Ferguson, Urban Drift Projects in cooperation with the Berlin Senate for Urban Development",https://bookwyrm.social/book/180379,OL28528881M,,,,,,,,,,3868592237,9783868592238,,,2014-01-01,,2.00,,,,,read,Read,2015-02-22
El Cuaderno Rojo / The Red Notebook,Paul Auster,https://bookwyrm.social/book/180381,OL9128713M,,,,,,,,,,843390650X,9788433906502,,,2008-01-01,,5.00,,,,,read,Read,2017-05-10
Maya (Spanish Edition),Jostein Gaarder,https://bookwyrm.social/book/180383,OL9141987M,,,,,,,,,,847844498X,9788478444984,,,,,3.00,,,,,read,Read,2017-05-09
Postmetropolis,Edward W. Soja,https://bookwyrm.social/book/180385,OL8750078M,,,,,,,,,,1577180011,9781577180012,,,,,,,,,,to-read,To Read,2017-05-09
La sociedad red : una visión global,"Francisco Muñoz de Bustillo, Manuel Castells",https://bookwyrm.social/book/180387,,isbn:9788420647845,,,,,,,,,8420647845,9788420647845,,,2012-01-01,,4.00,,,,,read,Read,2017-05-09
Ciudades rebeldes,David Harvey,https://bookwyrm.social/book/180389,OL25945173M,,,,,,,,,,8446037998,9788446037996,865552156,,2012-01-01,,5.00,,,,,read,Read,2017-05-09
Participatory Action Research,"Jacques M. Chevalier, Daniel J. Buckles",https://bookwyrm.social/book/1446565,OL34669654M,,,,,,,,,,113848623X,9781138486232,,,,,,,,,,,,
Arquitectura y política,Josep Maria Montaner,https://bookwyrm.social/book/180391,OL25222898M,,,,,,,,,,8425224373,9788425224379,847616920,,2017-01-01,,2.00,,,,,read,Read,2017-05-09
Hamnet,Maggie O'Farrell,https://bookwyrm.social/book/191143,OL32178475M,,,,,,,,,,1472223829,9781472223821,,2022-03-21,2022-05-02,,3.00,,,,,read,Read,2022-05-02
Animal Farm,George Orwell,https://bookwyrm.social/book/32425,OL25182486M,,,,,,,,,,141036133,9780141036137,,,,,4.00,,,,,read,Read,2017-05-09
Hamlet,William Shakespeare,https://bookwyrm.social/book/119466,OL7748879M,,,,,,,,,,521618746,9780521618748,60964905,,,,,,,,,read,Read,2017-11-04
Urban assemblages,Ignacio Farias,https://bookwyrm.social/book/180393,OL23197137M,,,,,,,,,,415486629,9780415486620,,,,,,,,,,to-read,To Read,2017-04-29
Aloma,Mercè Rodoreda,https://bookwyrm.social/book/180395,OL22186194M,,,,,,,,,,8420631000,9788420631004,,,1997-01-01,,,,,,,read,Read,2017-04-29
1Q84,Haruki Murakami,https://bookwyrm.social/book/180397,OL31856365M,,,,,,,,,,8499304885,9788499304885,,,2014-01-01,,5.00,,,,,read,Read,2015-02-24
Free as in freedom,Sam Williams,https://bookwyrm.social/book/180399,OL7580976M,,,,,,,,,,596002874,9780596002879,49044520,,,,,,,,,to-read,To Read,2015-02-24
Saber perder,David Trueba,https://bookwyrm.social/book/180401,OL32139136M,,,,,,,,,,8467228954,9788467228953,433872592,,2013-01-01,,4.00,,,,,read,Read,2015-02-23
Restorative commons,"Lindsay K. Campbell, Anne Wiesen",https://bookwyrm.social/book/180403,OL25560387M,,,,,,,,,,016086416X,9780160864162,722800966,,,,,,,,,to-read,To Read,2015-02-22
Vigilar y castigar,Michel Foucault,https://bookwyrm.social/book/180405,OL26237435M,,,,,,,,,,987987014X,9789879870143,50935941,,2014-12-01,,,,,,,read,Read,2015-02-22
Toxina,Robin Cook,https://bookwyrm.social/book/180406,OL13186596M,,,,,,,,,,8401327423,9788401327421,41148437,,1999-01-01,,,,,,,read,Read,2023-11-01
The urban sociology reader,"Jan Lin, Christopher Mele",https://bookwyrm.social/book/384186,,isbn:9780415665315,,,,,,,,,415665310,9780415665315,,,,,,,,,,to-read,To Read,2022-04-18
The Clan of the Cave Bear,Jean M. Auel,https://bookwyrm.social/book/46779,OL25050700M,,,,,,,,,,553381679,9780553381672,1242288920,,,,,,,,,to-read,To Read,2017-11-04
Mecanoscrit del segon origen,Manuel de Pedrolo,https://bookwyrm.social/book/170684,OL4822829M,,,,,,,,,,8429710329,9788429710328,,,1993-01-01,,4.00,,,,,read,Read,2017-10-20
Tout sauf un homme,"Isaac Asimov, Robert Silverberg",https://bookwyrm.social/book/178877,OL8890048M,,,,,,,,,,2266087649,9782266087643,41835332,,,,4.00,,,,,,,
Storytelling with Data,Cole Nussbaumer Knaflic,https://bookwyrm.social/book/345278,,isbn:9781119002253,,,,,,,,,1119002257,9781119002253,,,,,4.00,,,,,,,
"El hombre bicentenario ; y, otros cuentos",Isaac Asimov,https://bookwyrm.social/book/178882,OL25535397M,,,,,,,,,,9567510113,9789567510115,55414149,2011-01-01,2011-01-01,,,,,,,read,Read,2022-03-08
Democracy Incorporated,Sheldon Wolin,https://bookwyrm.social/book/345284,,isbn:9780691135663,,,,,,,,,691135665,9780691135663,,,,,,,,,,to-read,To Read,2017-11-05
QGIS Map Design,"Anita Graser, Gretchen N Peterson",https://bookwyrm.social/book/345286,OL33897903M,,,,,,,,,,989421759,9780989421751,,,,,,,,,,to-read,To Read,2017-11-04
Architecture of Neoliberalism,Douglas Spencer,https://bookwyrm.social/book/345288,OL34526960M,,,,,,,,,,1472581512,9781472581518,,2016-12-30,,2022-08-22,,,,,,stopped-reading,Stopped reading,2022-08-22
Los desposeídos,"Ursula K. Le Guin, Matilde Horne",https://bookwyrm.social/book/380619,OL31967478M,,,,,,,,,,8445009303,9788445009307,,2022-05-04,2022-08-06,,5.00,Ciencia ficción diferente,,"Es la primera obra que leo de Ursula K Le Guin y me ha encantado por lo distinta de otras obras de ciencia-ficción que he leído hasta el momento. Se trata de un universo muy cotidiano, sin grandes alardes tecnológicos, donde lo único de ficción puede ser la existencia de un planeta anarquista.  Y precisamente ahí está su virtud: te hace imaginar mundos muy distintos que a la vez serían muy posibles, y sobre todo, reflexionar sobre estructuras sociales cuestionando prejuicios.

Me costó un poco tomar ritmo, pero es que hay muchas cosas que contar para entender bien la vida en Anarres y, a su vez, entender mejor a Urras (muy parecida a nuestra sociedad actual). Me ha encantado la caracterización que hace de ambas sociedades/mundos, y tengo ganas de leer más.",2022-08-15,read,Read,2022-08-06
Less Is More,Jason Hickel,https://bookwyrm.social/book/81107,OL29518280M,,,,,,,,,,1786091216,9781786091215,,,,,,,,,,to-read,To Read,2023-09-23
Governing the Commons,Elinor Ostrom,https://bookwyrm.social/book/148184,,isbn:9780521405997,,,,,,,,,521405998,9780521405997,,2015-02-22,2015-03-01,,4.00,,,,,read,Read,2015-02-22
Contact,Carl Sagan,https://bookwyrm.social/book/18655,OL7644116M,,,,,,,,,,671004107,9780671004101,,,,,5.00,,,,,,,
Rent and its Discontents,Neil Gray,https://bookwyrm.social/book/433384,OL27803618M,,,,,,,,,,1786605759,9781786605757,,,,,,,,,,to-read,To Read,2022-05-19
Free Culture,Lawrence Lessig,https://bookwyrm.social/book/10988,OL3691799M,,,,,,,,,,1594200068,9781594200069,,,,,3.00,,,,,read,Read,2017-11-05
Crítica de choque,Fredy Massad,https://bookwyrm.social/book/345330,,,,,,,,,,,9873779213,9789873779213,,,,,,,,,,to-read,To Read,2022-03-08
City Reader,"Richard T. LeGates, Frederic Stout",https://bookwyrm.social/book/345333,OL28072696M,,,,,,,,,,367204797,9780367204792,,,,,,,,,,to-read,To Read,2022-03-08
Utopía no es una isla,Layla Martínez,https://bookwyrm.social/book/380154,,isbn:9788494922367,,,,,,,,,849492236X,9788494922367,,,,,,,,,,reading,Currently Reading,2024-01-19
Panza de burro,Andrea Abreu López,https://bookwyrm.social/book/322812,,wd:Q99529251,,53412888,,,,,,,,,,,2021-12-22,,3.00,Review of 'Panza de burro' on 'Goodreads',,"Se trata de un libro que tiene todas las papeletas para gustarme: habla de un tiempo y un lugar que me son muy familiares y a la vez muy lejanos, y lo hace con un lenguaje que es el mío y, a la vez, no lo es. Habla de situaciones cotidianas y a la vez serias a través de ópticas de niños... Y sin embargo, no me ha enganchado. Me ha dejado muy indiferente, y no sé explicar el por qué.",2021-12-22,,,
The City in History,Lewis Mumford,https://bookwyrm.social/book/335615,,isbn:9780156180351,,,,,,,,,156180359,9780156180351,,2015-02-22,,,,,,,,reading,Currently Reading,2015-02-22
Managing and Sharing Research Data,"Louise Corti, Veerle Van den Eynden, Libby Bishop, Matthew Woollard",https://bookwyrm.social/book/345346,OL28725526M,,,,,,,,,,1526460262,9781526460264,,2022-03-08,,,,,,,,reading,Currently Reading,2022-03-08
Bullshit Jobs,David Graeber,https://bookwyrm.social/book/26882,OL26487199M,,,,,,,,,,150114331X,9781501143311,1035847195,2021-01-02,2021-05-16,,4.00,"Fun, depressing, provocative",,"Halfway between the humoristic and scientific publication, what started as a provocation ends up in building a theory that is in fact a (often humoristic, sometimes depressing) criticism to capitalistic system and the work culture that is embedded on it. A must-read.",2022-03-08,,,
"Primavera, estiu, etcètera",Marta Rojals,https://bookwyrm.social/book/345351,,isbn:9788482649665,,,,,,,,,8482649663,9788482649665,,,2014-11-01,,4.00,,,,,read,Read,2015-02-24
La ciudad,Massimo Cacciari,https://bookwyrm.social/book/345353,,isbn:9788425223310,,,,,,,,,8425223318,9788425223310,,,2016-01-14,,5.00,,,,,read,Read,2017-05-10
El sabueso de los Baskerville,"Arthur Conan Doyle, Benjamin Briggent",https://bookwyrm.social/book/345355,OL47117485M,isbn:9788493806194,,,,,,,,,8493806196,9788493806194,,,,,3.00,,,,,read,Read,2017-11-04
The Kaiju Preservation Society,John Scalzi,https://bookwyrm.social/book/405264,OL32212076M,,,,,,,,,,765389126,9780765389121,,,,,,,,,,to-read,To Read,2023-12-27
El Hobbit / The Hobbit,J.R.R. Tolkien,https://bookwyrm.social/book/686867,OL9137994M,,,,,,,,,,9505470630,9789505470631,,2000-01-01,2000-01-01,,,,,,,read,Read,2023-11-01
The City in History,Lewis Mumford,https://bookwyrm.social/book/14100,OL7365856M,,,,,,,,,,156180359,9780156180351,,2015-02-22,,,,,,,,,,
Procomún digital y cultura libre : ¿hacia un cambio de época?,Mayo Fuster Morell,https://bookwyrm.social/book/345370,,isbn:9788498886412,,,,,,,,,8498886414,9788498886412,,,,,2.00,,,,,read,Read,2017-11-04
The Power,Naomi Alderman,https://bookwyrm.social/book/145699,,isbn:9780670919963,,,,,,,,,670919969,9780670919963,,2017-09-06,2017-10-05,,2.00,,,,,read,Read,2017-09-06
A Dance With Dragons,George R.R. Martin,https://bookwyrm.social/book/6950,OL25229207M,,,,,,,,,,2247399,9780002247399,,,,,3.00,,,,,,,
La espada de Shannara,Terry Brooks,https://bookwyrm.social/book/345386,,,,,,,,,,,8470024051,9788470024054,,,1994-01-01,,3.00,,,,,read,Read,2017-05-10
Inventari de Can Batlló: Teixint una història col·lectiva,LaCol,https://bookwyrm.social/book/345390,,,,,,,,,,,846168186X,9788461681860,,,,,3.00,,,,,read,Read,2017-11-04
Filosofía para bufones,Pedro González Calero,https://bookwyrm.social/book/345393,,isbn:9788408005223,,,,,,,,,8408005227,9788408005223,,,,,3.00,,,,,read,Read,2017-11-04
¡Comprometeos! : conversaciones con Gilles Vanderpooten,Stéphane Hessel,https://bookwyrm.social/book/345395,,isbn:9788423345137,,,,,,,,,8423345130,9788423345137,,,,,4.00,,,,,read,Read,2017-11-04
Utopia for Realists,Rutger Bregman,https://bookwyrm.social/book/276788,OL28917347M,isbn:9781408893210,,,,,,,,,1408893215,9781408893210,,2019-04-01,2020-02-12,,4.00,Review of 'Utopia for Realists' on 'Goodreads',,"Rutger Bregman presents a series of stories and facts that speculate not only how a fairer, more rational and equitable the world could be, but also how could have been if at certain point history would have taken another turn. And by doing so, it questions the very essence of many of today's assumptions regarding workload, wellfare, borders, wages, poors... that neoliberal mantras makes us believe which constitute the foundations of capitalist societies. And what it is more important: it plants the seed of new different ideas that can lead to this utopia he often refers to as ""The land of plenty"" to be a reality not just for a few chosen ones, but for everyone.<br/><br/>Written in a very informative and colloquial language (although I felt sometimes to be structured in a weird manner with many jumps back and forth*) it is aimed to everyone, without the need of knowing much about economics or politics. I found it to be highly recommended for anyone pursuing a better world or simply that want to understand how the current world works and over which premises it is based.<br/><br/>* Apparently, a new edition was made after this one which slightly changes the order of some chapters and, according to the author it is the best edition so far: https://www.goodreads.com/questions/1040334-are-there-two-versions-of-this-book---with",2020-02-12,read,Read,2019-04-01
Cantar del Mio Cid,anonymous,https://bookwyrm.social/book/345397,,isbn:9781542961431,,,,,,,,,1542961432,9781542961431,,,1992-01-01,,,,,,,read,Read,2017-05-10
Data Manipulation with R : perform group-wise data manipulation and deal with large datasets using R efficiently and effectively,Jaynal Abedin,https://bookwyrm.social/book/345399,,isbn:9781783281107,,,,,,,,,1783281103,9781783281107,,,,,,,,,,read,Read,2017-11-04
El juego del Ángel,Carlos Ruiz Zafón,https://bookwyrm.social/book/345400,,isbn:9788408094197,,,,,,,,,840809419X,9788408094197,,,,,3.00,,,,,read,Read,2017-04-29
El ratpenat,Jo Nesbø,https://bookwyrm.social/book/345401,,isbn:9788475885605,,,,,,,,,8475885608,9788475885605,,,2015-05-01,,4.00,,,,,read,Read,2017-05-09
En llamas,Suzanne Collins,https://bookwyrm.social/book/17722,OL25427706M,,,,,,,,,,842720213X,9788427202139,881192384,,2012-01-01,,4.00,,,,,read,Read,2017-05-09
"Los superhéroes y la filosofía : la verdad, la justicia y el modo socrático",Aa. Vv,https://bookwyrm.social/book/345403,,isbn:9788493827212,,,,,,,,,8493827215,9788493827212,,,,,,,,,,read,Read,2017-10-20
L'avi de 100 anys que es va escapar per la finestra,Jonas Jonasson,https://bookwyrm.social/book/345404,,isbn:9788496735651,,,,,,,,,8496735656,9788496735651,,,2014-05-01,,3.00,,,,,read,Read,2017-09-06
R: Data Analysis and Visualization,"Brett Lantz, Jaynal Abedin, Hrishi V. Mittal, Bater Makhabel, Edina Berlinger, Ferenc Illes, Milan Badics, Adam Banai, Gergely Daroczi, Tony Fischetti",https://bookwyrm.social/book/276791,,isbn:9781786460486,,,,,,,,,1786460483,9781786460486,,2017-11-04,,,,,,,,,,
Contra el rebaño digital : un manifiesto,Jaron Lanier,https://bookwyrm.social/book/345406,,isbn:9788483069172,,,,,,,,,8483069172,9788483069172,,,2012-07-26,,3.00,,,,,read,Read,2017-05-10
El Señor de los Anillos y la filosofía,"Gregory Bassham, Eric Bronson",https://bookwyrm.social/book/345408,,isbn:9788408034117,,,,,,,,,8408034111,9788408034117,,,2013-01-01,,3.00,,,,,read,Read,2017-05-10
Invierte en ti,Natalia de Santiago,https://bookwyrm.social/book/507712,OL31877500M,,,,,,,,,,8408237209,9788408237204,,2022-08-07,2022-08-12,,4.00,Imprescindible,,"Un libro sobre educación financiera que cubre un amplio abanico de temas: presupuestos, inversiones, jubilación, seguros... y conceptos básicos pero no por ello menos importantes. Y lo mejor: lo hace de forma no solo amena, sino divertida y sin juzgar si la teoría y la realidad no siempre casan (me ha encantado que la autora se pone a menudo de ejemplo de cómo no hacer las cosas).
Siempre he pensado que debía de aprender sobre educación financiera para ser yo quien tome las decisiones sobre mi economía, en lugar del mercado, el banco o el borreguismo. Lo que nunca había imaginado es que disfrutaría tanto leyendo al respecto, e incluso, me divertiría.",2022-08-15,read,Read,2022-08-15
Commonwealth : el proyecto de una revolución del común,Michael Hardt,https://bookwyrm.social/book/345410,,isbn:9788446032304,,,,,,,,,8446032309,9788446032304,,,2016-01-01,,3.00,,,,,read,Read,2017-05-10
Panza de burro,"Andrea Abreu, Andrea Abreu, Sabina Urraca, Alessandra Sanguinetti, Sabina Urraca",https://bookwyrm.social/book/276291,OL30796058M,,,,,,,,,,8412135334,9788412135336,1163950189,2021-12-13,2021-12-22,,3.00,"Sí, pero...",,"Se trata de un libro que tiene todas las papeletas para gustarme: habla de un tiempo y un lugar que me son muy familiares y a la vez muy lejanos, y lo hace con un lenguaje que es el mío y, a la vez, no lo es. Habla de situaciones cotidianas y a la vez serias a través de ópticas de niños... Y sin embargo, no me ha enganchado. Me ha dejado muy indiferente, y no sé explicar el por qué.",2021-12-26,read,Read,2021-12-26
El cantar de Shannara,Terry Brooks,https://bookwyrm.social/book/345412,,isbn:9788470024177,,,,,,,,,8470024175,9788470024177,,,1994-01-01,,3.00,,,,,read,Read,2017-05-10
El martillo de Dios,Arthur C. Clarke,https://bookwyrm.social/book/345413,,isbn:9788498724448,,,,,,,,,8498724449,9788498724448,,,,,1.00,,,,,read,Read,2017-05-09
Pandora al Congo,Albert Sánchez Piñol,https://bookwyrm.social/book/525636,,isbn:9788495616708,,,,,,,,,849561670X,9788495616708,,2022-08-14,2022-08-28,,5.00,Sorprenent,,"(EN below)
Es tracta d'un llibre que va evolucionant contínuament on res no és el que sembla. 
El que al començament em semblava que només es tractava una història ben explicada però que s'assemblava massa a la seva anterior novel·la (La Pell Freda) i exigia fer massa actes de fe en virtut de l'entreteniment, va mutant en un seguit d'històries dins històries, amb un final sorprenent i intel·ligent on tot el que no tenia sentit pren una nova i inesperada dimensió.

---

This is a constantly evolving book where nothing is what it seems.
What at first seemed to me to be just a well-told story but too similar to his previous novel (La Pell Freda) and requiring too many acts of faith for the sake of entertainment, turns into a series of stories within stories, with a surprising and clever ending where everything that didn't make sense takes on a new and unexpected dimension.",2022-08-28,read,Read,2022-08-28
Feminismes,,https://bookwyrm.social/book/345415,,isbn:9788416828234,,,,,,,,,8416828237,9788416828234,,2018-01-03,2018-06-02,,,,,,,read,Read,2018-01-03
The Lord of the Rings,J.R.R. Tolkien,https://bookwyrm.social/book/543552,OL22831274M,,,,,,,,,,261102435,9780261102439,1070386544,1998-01-01,1998-01-01,,5.00,,,,,read,Read,2023-11-06
Maleït karma,David Safier,https://bookwyrm.social/book/345417,,isbn:9788497876711,,,,,,,,,8497876717,9788497876711,,,2013-01-01,,,,,,,read,Read,2017-04-29
Siddharta,Hermann Hesse,https://bookwyrm.social/book/101697,OL9200402M,,,,,,,,,,9875660833,9789875660830,566789845,2004-01-01,2004-01-30,,,,,,,,,
La vida de Lazarillo de Tormes,Anonimo. Quevedo,https://bookwyrm.social/book/345419,,isbn:9788474616965,,,,,,,,,8474616964,9788474616965,,,1996-01-01,,,,,,,read,Read,2017-05-10
El Hombre bicentenario y otros cuentos,,https://bookwyrm.social/book/345421,,isbn:9788441313941,,,,,,,,,8441313946,9788441313941,,,2011-01-01,,4.00,,,,,read,Read,2017-05-09
RStudio for R statistical computing cookbook : over 50 practical and useful recipes to help you perform data analysis with R by unleashing every native RStudio feature,Andrea Cirillo,https://bookwyrm.social/book/345423,,isbn:9781784396947,,,,,,,,,178439694X,9781784396947,,,2016-01-01,,1.00,,,,,read,Read,2017-05-09
La invasión divina,Philip K. Dick,https://bookwyrm.social/book/345425,,isbn:9788445001356,,,,,,,,,8445001353,9788445001356,,,,,1.00,,,,,read,Read,2017-11-03
Cromosoma 6,Robin Cook,https://bookwyrm.social/book/345427,,isbn:9788401327100,,,,,,,,,8401327105,9788401327100,,,,,,,,,,read,Read,2017-11-04
1984,George Orwell,https://bookwyrm.social/book/322389,OL37016955M,,,,,,,,,,8423309835,9788423309832,,,2005-03-07,,5.00,A must-read,,"Excellent, yet depressing book depicting a dystopic society that has way too much verisimilitude.
A must-read.",2022-03-07,read,Read,2022-03-07
Territorios inteligentes,Alfonso Vegara,https://bookwyrm.social/book/345429,,isbn:9788460926986,,,,,,,,,8460926982,9788460926986,,,,,,,,,,to-read,To Read,2017-10-20
Jesús m'estima,David Safier,https://bookwyrm.social/book/345431,,isbn:9788497876704,,,,,,,,,8497876709,9788497876704,,,2013-01-01,,3.00,,,,,read,Read,2017-04-29
Las piedras élficas de Shannara,Terry Brooks,https://bookwyrm.social/book/345433,,isbn:9788470024108,,,,,,,,,8470024108,9788470024108,,,1994-01-01,,4.00,,,,,read,Read,2017-05-10
1Q84,Haruki Murakami,https://bookwyrm.social/book/345435,,isbn:9788499305882,,,,,,,,,8499305881,9788499305882,,,2014-12-01,,2.00,Review of '1Q84. Llibre 3' on 'Goodreads',,"Després dels excel·lents volums anteriors, el final de 1Q84 es presenta lent i tremendament decepcionant. No està a l'alçada dels anteriors.",2014-12-01,read,Read,2015-02-24
El Silmarillion,"J.R.R. Tolkien, Rubén Masera, Luis Domènech",https://bookwyrm.social/book/117597,OL30545717M,,,,,,,,,,8445073818,9788445073810,,,,,,,,,,read,Read,2017-05-09
El mundo perdido,Arthur Conan Doyle,https://bookwyrm.social/book/297821,OL35262439M,,,,,,,,,,8475250068,9788475250069,,1996-01-01,1996-04-01,,,,,,,read,Read,2022-03-07
Juego de tronos,George R.R. Martin,https://bookwyrm.social/book/8033,OL25935251M,,,,,,,,,,8496208923,9788496208926,828376921,,2012-01-01,,5.00,,,,,read,Read,2017-05-09
Los juegos del hambre,Suzanne Collins,https://bookwyrm.social/book/17768,OL25426796M,,,,,,,,,,8427202121,9788427202122,,,2012-01-01,,4.00,,,,,read,Read,2017-05-09
Doughnut Economics,Kate Raworth,https://bookwyrm.social/book/6505,OL26870871M,,,,,,,,,,1847941389,9781847941381,,,,,,,,,,to-read,To Read,2023-09-23
Invierte con poco,Natalia de Santiago,https://bookwyrm.social/book/517483,OL39206891M,,,,,,,,,,8408257382,9788408257387,,2022-09-22,2022-10-01,,3.00,Interesante,,"Se trata de un libro muy diferente a su anterior obra, ""Invierte en ti"". Si bien conserva de él el estilo de escritura (pedagógico y divertido) que es capaz de contar cosas complejas de forma sencilla, es un libro menos generalista, más aplicado. También es más especialista. Al ser menos genérico, se abordan menos temas con mayor profundidad, lo cual es muy positivo. Sin embargo, tengo la sensación de que algunos capítulos (por ejemplo tipos de fondos de inversión) no están equilibroados y hay un gran salto de lo genérico a lo muy específico. También he echado de menos que se desarrollase más el último capítulo, con consejos o criterios para invertir, lo cual lo haría más aplicado todavía (que entiendo que es su vocación -aunque entiendo lo difícil de hacerlo dado que hay tantas casuísticas como lectores). Es un libro que tendré que volver a leer para poder aprovecharlo del todo.",2022-10-01,read,Read,2023-01-09
Wilt,Tom Sharpe,https://bookwyrm.social/book/175472,OL9272530M,,,,,,,,,,99435489,9780099435488,,,,,,,,,,read,Read,2017-05-09
Una dona incòmoda,Montse Banegas,https://bookwyrm.social/book/820593,OL24122071M,,,,,,,,,,84843743011,9788484374305,,,,,,,,,,to-read,To Read,2023-01-19
Vallvi,Edgar Cantero,https://bookwyrm.social/book/820595,OL25309868M,,,,,,,,,,8475882528,9788475882529,,,2013-02-24,,4.00,,,,,read,Read,2023-01-19
El instante mágico,Marcus Chown,https://bookwyrm.social/book/233846,OL31962390M,,,,,,,,,,8418187751,9788418187759,,2021-10-11,,,,,,,,,,
Cómo no hacer nada,Jenny Odell,https://bookwyrm.social/book/347515,,,,,,,,,,,8434433427,9788434433427,,,,,,,,,,to-read,To Read,2022-04-22
En defensa de la renta básica,"Jordi Arcarons Bullich, Julen Bollain Urbieta, Daniel Raventós Pañella, Lluís Torrens Mèlich",https://bookwyrm.social/book/1405307,,,,,,,,,,,84234355211,9788423435524,,,,,,,,,,to-read,To Read,2023-09-25
David Harvey,"Noel Castree, Greigh Charnock, Brett Christophers",https://bookwyrm.social/book/859009,,,,,,,,,,,429028121,9780429028120,,,,,,,,,,to-read,To Read,2023-02-11
"Tomorrow, and Tomorrow, and Tomorrow",Gabrielle Zevin,https://bookwyrm.social/book/487811,OL35854253M,,,,,,,,,,1784744646,9781784744649,,2023-09-30,2023-11-01,,5.00,As addictive as a good videogame,,"This is one of those books that attracts you from the very beginning and you can't stop reading (until you realise that you don't want it to end that soon, either!). An interesting and well-written story that follows the successes and failures of its complex characters, driven by their passion for video games and full of lights and shadows. This is a story about gamers, and video games. But it also about life, passion, success and failure but, above all, about human relationships, and lives and worlds that could be but are not. Like a video game with the greatest engine: our imagination. Like a book.",2023-12-10,read,Read,2023-11-01
Contra lo común,Álvaro Sevilla-Buitrago,https://bookwyrm.social/book/1523589,,,,,,,,,,,8411484033,9788411484039,,,,,,,,,,to-read,To Read,2024-01-10
Prisoners of Geography,Tim Marshall,https://bookwyrm.social/book/180102,OL27440215M,,,,,,,,,,1501121472,9781501121470,,,,,,,,,,to-read,To Read,2021-10-10
The Ministry of Truth,Dorian Lynskey,https://bookwyrm.social/book/243591,OL27242240M,,,,,,,,,,385544057,9780385544054,,,,,4.00,,,,,read,Read,2015-02-23
Contact,Carl Sagan,https://bookwyrm.social/book/20374,OL22447504M,,,,,,,,,,1857235800,9781857235807,,,2004-01-01,,5.00,,,,,read,Read,2021-08-19
The human condition,Hannah Arendt,https://bookwyrm.social/book/141724,,isbn:9780226025988,,127227,,,,,,,226025985,9780226025988,,,,,,,,,,to-read,To Read,2020-02-12
Un mundo feliz,Aldous Huxley,https://bookwyrm.social/book/9119,OL22956809M,,,,,,,,,,840142285X,9788401422850,434055181,,2004-01-01,,,,,,,read,Read,2015-02-23
En el principio... fue la línea de comandos,Neal Stephenson,https://bookwyrm.social/book/43425,OL26318881M,,,,,,,,,,,,806408943,,2013-01-01,,4.00,,,,,read,Read,2017-05-09
Feminist City,Leslie Kern,https://bookwyrm.social/book/105378,OL28317827M,,,,,,,,,,1788739817,9781788739818,,2021-05-16,2021-10-10,,3.00,Good introductory book to a gender-based look about cities,,"<p>Admittedly, it is not what I expected. After reading the title, author's bio and summary, I thought this would be an essential book to build a theoretical framework about urban studies with a gendered approach, which is what I was looking for. Instead, it is a very personal book in which the author shares her lived experiences around feminism and cities (that relationship is not always so clear).</p>
<p>Being said that, I have enjoyed reading it. The book is well written, the stories are interesting and very illustrative and the text is full of bibliographical references for those who want to know more. This combination makes it a very good introductory book for those (like me) who want to start learning about urban studies with a gendered perspective.</p>",2021-10-10,read,Read,2023-11-01
Simiocracia,Aleix Saló,https://bookwyrm.social/book/428962,OL25440059M,isbn:9788499896977,,,,,,,,,8499896979,9788499896977,869926973,,2013-11-06,,4.00,,,,,read,Read,2023-11-06
Feminist City,Leslie Kern,https://bookwyrm.social/book/105377,OL28382800M,,,,,,,,,,1771134577,9781771134576,,,,,3.00,Review of 'Feminist City' on 'Goodreads',,"Admittedly, it is not what I expected. After reading the title, author's bio and summary, I thought this would be an essential book to build a theoretical framework about urban studies with a gendered approach, which is what I was looking for. Instead, it is a very personal book in which the author shares her lived experiences around feminism and cities (that relationship is not always so clear).<br/><br/>Being said that, I have enjoyed reading it. The book is well written, the stories are interesting and very illustrative and the text is full of bibliographical references for those who want to know more. This combination makes it a very good introductory book for those (like me) who want to start learning about urban studies with a gendered perspective.<br/>",2021-10-10,,,
The Last Wish,Andrzej Sapkowski,https://bookwyrm.social/book/96166,,,,,,,,,,,575082445,9780575082441,,,,,,,,,,to-read,To Read,2022-04-05
Españistán : este país se va a la mierda / Alex Saló,Aleix Saló,https://bookwyrm.social/book/428966,OL25440416M,,,,,,,,,,8499471757,9788499471754,,,2010-11-06,,4.00,,,,,read,Read,2023-11-06
Ulls de pantera,Silvia Aymerich Lemós,https://bookwyrm.social/book/181167,OL28299805M,,,,,,,,,,8497660439,9788497660433,,1994-08-17,1994-08-31,,,,,,,read,Read,2021-08-17
The Hobbit,J.R.R. Tolkien,https://bookwyrm.social/book/107441,OL32029023M,isbn:9780547928227,,,,,,,,,054792822X,9780547928227,99399077,,,,5.00,,,,,,,
El principito,Antoine de Saint-Exupéry,https://bookwyrm.social/book/141240,,isbn:9788495971760,,,,,,,,,8495971763,9788495971760,,,,,5.00,,,,,read,Read,2015-02-23
21 Lessons for the 21st Century,Yuval Noah Harari,https://bookwyrm.social/book/36288,OL26962423M,isbn:9780525512172,,38820046,,,,,,,525512179,9780525512172,1029771757,,,,,,,,,to-read,To Read,2019-02-22
1984,George Orwell,https://bookwyrm.social/book/137154,OL8347310M,,,,,,,,,,871295423,9780871295422,,2005-11-20,2006-02-23,,4.00,,,,,read,Read,2015-02-23
The Left Hand of Darkness,Ursula K. Le Guin,https://bookwyrm.social/book/211907,OL33220502M,,,,,,,,,,1473225949,9781473225947,,2023-04-23,2023-07-20,,2.00,"Good ideas, bad story",It contains spoilers,"After having enjoyed a lot The Dispossessed, and having read so many great reviews about this book, I cannot stop but feeling disappointed or under the impression that I failed to understand it or it was not the right time for me to read it.

I must recognize the originality of describing a whole hermaphrodite species in a forever frozen world, with their own culture and social organisation (something I enjoyed). But I felt that the story that was promised was weak, full of Deus ex machinas, unnecessary interruptions, and not even as strong and moving as I had imagined. Is the bonding between Therem and Genly as strong as suggested or is it merely survival? Are their beliefs about the other so shaken and deconstructed as suggested or were simply weak prejudices broken by the forced coexistence? 

The fact that I found the narrative unconsistent and unnecessarily complex, didn't help at all. Genli's trip is littered with plenty of complex concepts that are not fully developed, (I am still unsure about what the Shifgrethor is -I had to look at Wikipedia and stack exchange), legends, explanations about calendars or chapters written from somedody else's perspective, without a clear criteria or rhythm on when those interludes are added. But probably, what I found most disappointing was the constant mentions to the how different gethenian culture, society and cosmogony are due to their hermaphroditism, but IMHO, it is never not clearly exemplified in anything specific, not to mention the missed opportunity of using they/them pronouns (albeit I'm aware that that might not be that commonplace back in 1969, and probably editors thought that books had to had male characters to be sold).",2023-07-20,read,Read,2023-07-20
Storytelling with Data,Cole Nussbaumer Knaflic,https://bookwyrm.social/book/46023,OL26264405M,,,,,,,,,,,,,,,,4.00,,,,,read,Read,2019-09-22
Humankind: A Hopeful History,Rutger Bregman,https://bookwyrm.social/book/344520,,isbn:9780316418539,,52879286,,,,,,,316418536,9780316418539,,,,,,,,,,to-read,To Read,2022-03-05
Tormenta De Espadas,"George R.R. Martin, George R. R. Martin",https://bookwyrm.social/book/147917,OL29563455M,,,,,,,,,,8496208087,9788496208087,,,,,4.00,,,,,read,Read,2017-11-04
Humankind,"Rutger Bregman, Erica Moore, Elizabeth Manton",https://bookwyrm.social/book/116175,OL31418357M,,,,,,,,,,316418528,9780316418522,,,,,,,,,,to-read,To Read,2021-08-19
Geographies of Digital Exclusion,"Mark Graham, Martin Dittus",https://bookwyrm.social/book/344530,OL29504772M,,,,,,,,,,7453401811,9780745340180,,2022-03-14,2022-12-27,,3.00,"Irregular, but worth reading",,"The book starts really strong. The first chapters are catchy and relevant and they are very well written, too. Additionally, it is methodologically sound and some of their findings are interesting. Regretfully, at some points it becomes quite repetitive (in terms of methods and results) and, the methodology is sometimes unconsistent, unclear (i.e. I'd like to fully understand how the searches were made) and even questionable. 

Actually, what I found to be more controversial is the decision of comparing Google Maps and Wikipedia. Mainly because they are very different in purpose and contents, but also because I believe that OpenStreetMap would have been a fairer comparison or bridge between the two. It is true that there are some mentions and comparisons to it, but the book claims to focus only oncomparing Google Maps and Wikipedia alone, and therefore, OpenStreetMap is something accessory and not as extensively or consistently as the previous ones.

In any case, just because it raises so many questions and comments that I'd love to discuss with their authors should I had the chance, I believe it is worth reading and I would recomment it despite it didn't match my initial expectations (which admittedly were very high).",2022-12-28,read,Read,2022-12-27
Fahrenheit 451,Ray Bradbury,https://bookwyrm.social/book/5076,OL26437046M,isbn:9780007491568,,,,,,,,,7491565,9780007491568,876238933,,,,2.00,,,,,read,Read,2017-05-09
The Visual Display of Quantitative Information,Edward R. Tufte,https://bookwyrm.social/book/12245,OL3966475M,,,,,,,,,,961392142,9780961392147,,,,,,,,,,to-read,To Read,2020-09-14
Canto jo i la muntanya balla,"Irene Solà Saez, Irene Solà",https://bookwyrm.social/book/120788,OL28169209M,,,,,,,,,,8433915681,9788433915689,,,,,,,,,,to-read,To Read,2024-01-10
Argelagues,Gemma Ruiz,https://bookwyrm.social/book/232927,,,,,,,,,,,8475886299,9788475886299,,2023-12-30,2024-01-19,,3.00,,,,,read,Read,2024-01-19
The Politics and Ideology of Planning,Tim Marshall,https://bookwyrm.social/book/232929,,,,,,,,,,,1447337212,9781447337218,,,,,,,,,,to-read,To Read,2021-10-10
Platform Capitalism,Nick Srnicek,https://bookwyrm.social/book/13795,OL29320913M,,,,,,,,,,1509504907,9781509504909,,2017-11-05,2017-12-10,,3.00,,,,,read,Read,2017-11-05
El Nombre del Viento,Patrick Rothfuss,https://bookwyrm.social/book/126948,OL23978458M,isbn:9788401337208,,,,,,,,,8401337208,9788401337208,495273390,,2013-01-01,,3.00,,,,,read,Read,2017-04-29
El perfume,Patrick Süskind,https://bookwyrm.social/book/128997,OL35710440M,isbn:9788432219283,,,,,,,,,8432219282,9788432219283,,,2007-01-01,,1.00,Pretencioso y tedioso. Más que un libro parece un ejercicio literario.,,Pretencioso y tedioso. Más que un libro parece un ejercicio literario.,2023-12-07,read,Read,2023-12-07
Star Wars Ep IV Una nueva esperanza,"Hisao Tamaki, Víctor Manuel García de Isusi",https://bookwyrm.social/book/1294309,OL47353095M,,,,,,,,,,8491730087,9788491730088,,2023-07-26,2023-07-26,,3.00,,,,,read,Read,2023-07-26
El nombre del viento: Cronicas del asesino de reyes: Primer dia (Spanish Edition),Patrick Rothfuss,https://bookwyrm.social/book/126951,OL26758056M,isbn:9780345805362,,,,,,,,,345805364,9780345805362,957232683,2010-05-13,2010-10-30,,3.00,,,,,,,
Perfume: The Story of a Murderer,Patrick Süskind,https://bookwyrm.social/book/128995,OL7348045M,isbn:9780140120837,,343,,,,,,,140120831,9780140120837,,,,,1.00,Review of 'Perfume: The Story of a Murderer' on 'Goodreads',,Pretencioso y tedioso. Más que un libro parece un ejercicio literario.,2007-01-01,,,
"The Lord of the Rings (The Lord of the Rings, #1-3)",J.R.R. Tolkien,https://bookwyrm.social/book/126953,,isbn:9780618640157,,,,,,,,,618640150,9780618640157,,,1998-01-01,,5.00,,,,,read,Read,2015-02-23
A Confederacy of Dunces,John Kennedy Toole,https://bookwyrm.social/book/44522,OL24203981M,isbn:9780802130204,,,,,,,,,802130208,9780802130204,44430458,,,,,,,,,to-read,To Read,2022-08-13
Danza de dragones,George R.R. Martin,https://bookwyrm.social/book/147950,OL25444542M,,,,,,,,,,8496208958,9788496208957,,,2014-01-01,,4.00,,,,,read,Read,2023-12-07
The Lord of the Rings,J.R.R. Tolkien,https://bookwyrm.social/book/132080,OL31905190M,,,,,,,,,,618129022,9780618129027,,,,,5.00,,,,,,,
Getting Things Done,David Allen,https://bookwyrm.social/book/15347,OL7360123M,,,,,,,,,,142000280,9780142000281,,,,,,,,,,read,Read,2017-11-04
I ara jo què faig?,Andreu Escrivà,https://bookwyrm.social/book/1266679,OL32042205M,,,,,,,,,,8416698562,9788416698561,,2023-07-18,2023-08-05,,3.00,Difícil de clasificar,,"Como persona que padece de ecoansiedad hacía tiempo que quería leer este libro. Tanto su autor como el título, parecían sugerir proporcionar las claves para gestionar mejor este sentimiento que me paraliza y angustia desde hace tiempo y, sobre todo, para orientar la acción hacia la causa de la sostenibilidad.
Y seré franco: no encontré eso en el libro.  ¿Significa eso que sea un mal libro? ¡En absoluto! Es un libro muy bien escrito, con una primera mitad que describe de forma certera, aportando datos, y con una visión muy interesante, la situación de emergencia climática que vivimos. Y creo que consigue transmitir los dos mensajes que quería transmitir: 1) esto es una emergencia, y 2) es necesario actuar (y por qué no podemos dejar de hacerlo). 
Sin embargo, las claves que proporciona Escrivà en la segunda mitad del libro me parecieron confusas y a veces muy tangenciales o manidas. Y es que, en el fondo, creo que ahí está la dificultad del libro: Por un lado, Escrivà se resiste a dar recetas de cocina que puedan aplicarse de forma inmediata como solución a todo. Por otro, es lo que el título sugiere y lo que el lector busca. Creo que el problema es esta tensión no resuelta es la que hace que el libro no sea mejor de lo que podría ser.",2023-12-10,read,Read,2023-08-05
Festín de cuervos,George R.R. Martin,https://bookwyrm.social/book/147960,OL25662728M,,,,,,,,,,84962089911,9788496208995,,,2013-01-01,,3.00,,,,,read,Read,2017-05-09
El  código Da Vinci,Dan Brown,https://bookwyrm.social/book/60921,OL22140581M,,,,,,,,,,,,,,,,,,,,,read,Read,2017-05-09
